filename,title,description,keywords
a_woman_in_a_black_dress_and_leather_gloves.jpeg,a_woman_in_a_black_dress_and_leather_gloves,a woman in a black dress and leather gloves,"woman, black, dress, leather, gloves"
a_woman_in_a_black_dress_standing_in_a_dark_room.jpeg,a_woman_in_a_black_dress_standing_in_a_dark_room,a woman in a black dress standing in a dark room,"woman, black, dress, standing, dark, room"
a_woman_with_a_face_covered_in_wires.jpeg,a_woman_with_a_face_covered_in_wires,a woman with a face covered in wires,"woman, face, covered, wires"
a_woman_in_a_black_dress_is_sitting_on_a_bed.jpeg,a_woman_in_a_black_dress_is_sitting_on_a_bed,a woman in a black dress is sitting on a bed,"woman, black, dress, sitting, bed"
a_woman_with_long_blonde_hair_and_green_eyes.jpeg,a_woman_with_long_blonde_hair_and_green_eyes,a woman with long blonde hair and green eyes,"woman, long, blonde, hair, green, eyes"
a_woman_running_in_the_rain.jpeg,a_woman_running_in_the_rain,a woman running in the rain,"woman, running, rain"
a_woman_running_in_the_rain_1.jpeg,a_woman_running_in_the_rain,a woman running in the rain,"woman, running, rain"
a_woman_wearing_a_yellow_dress_and_a_hoodie_with_a_glowing_d.jpeg,a_woman_wearing_a_yellow_dress_and_a_hoodie_with_a_glowing_d,a woman wearing a yellow dress and a hoodie with a glowing deer head,"woman, wearing, yellow, dress, hoodie, glowing, deer, head"
a_woman_sitting_in_front_of_two_computer_monitors.jpeg,a_woman_sitting_in_front_of_two_computer_monitors,a woman sitting in front of two computer monitors,"woman, sitting, front, two, computer, monitors"
a_woman_sitting_at_a_table_with_a_cup_of_coffee.jpeg,a_woman_sitting_at_a_table_with_a_cup_of_coffee,a woman sitting at a table with a cup of coffee,"woman, sitting, table, cup, coffee"
a_young_woman_in_a_white_skirt_and_white_sneakers_is_dancing.jpeg,a_young_woman_in_a_white_skirt_and_white_sneakers_is_dancing,a young woman in a white skirt and white sneakers is dancing outside,"young, woman, white, skirt, sneakers, dancing, outside"
a_young_girl_in_a_karate_outfit_is_smiling_and_holding_her_h.jpeg,a_young_girl_in_a_karate_outfit_is_smiling_and_holding_her_h,a young girl in a karate outfit is smiling and holding her hands up,"young, girl, karate, outfit, smiling, holding, her, hands"
a_young_girl_wearing_glasses_and_holding_a_pen.jpeg,a_young_girl_wearing_glasses_and_holding_a_pen,a young girl wearing glasses and holding a pen,"young, girl, wearing, glasses, holding, pen"
a_woman_holding_a_heart_in_the_woods.jpeg,a_woman_holding_a_heart_in_the_woods,a woman holding a heart in the woods,"woman, holding, heart, woods"
a_woman_with_blue_eyes_and_long_hair.jpeg,a_woman_with_blue_eyes_and_long_hair,a woman with blue eyes and long hair,"woman, blue, eyes, long, hair"
cute_cat_in_a_yellow_jacket.jpeg,cute_cat_in_a_yellow_jacket,cute cat in a yellow jacket,"cute, cat, yellow, jacket"
a_woman_in_yellow_tracksuits_holding_a_sword.jpeg,a_woman_in_yellow_tracksuits_holding_a_sword,a woman in yellow tracksuits holding a sword,"woman, yellow, tracksuits, holding, sword"
a_little_girl_with_blue_hair_laying_on_a_bed.jpeg,a_little_girl_with_blue_hair_laying_on_a_bed,a little girl with blue hair laying on a bed,"little, girl, blue, hair, laying, bed"
a_cat_in_a_suit_and_tie_is_standing_on_a_podium.jpeg,a_cat_in_a_suit_and_tie_is_standing_on_a_podium,a cat in a suit and tie is standing on a podium,"cat, suit, tie, standing, podium"
a_glowing_green_glowing_orb_in_the_middle_of_a_dark_forest.jpeg,a_glowing_green_glowing_orb_in_the_middle_of_a_dark_forest,a glowing green glowing orb in the middle of a dark forest,"glowing, green, orb, middle, dark, forest"
a_model_walks_the_runway_at_the_monique_saen_bridale_bridale.jpeg,a_model_walks_the_runway_at_the_monique_saen_bridale_bridale,a model walks the runway at the monique saen bridale bridale bridale br,"model, walks, runway, monique, saen, bridale"
a_person_laying_in_bed_with_their_feet_up.jpeg,a_person_laying_in_bed_with_their_feet_up,a person laying in bed with their feet up,"person, laying, bed, their, feet"
